<?xml version="1.0" encoding="utf-8"?>
<!--_SIG=x6QGjuWr31rtMvdSXJYzCFzeQcuKhPadILAlEfzk0LioyUNXVdbrO2cXlpCNe252HCSXKLpMAKfP63G/SU4eVpZdSiRL3n4rc6wPV+qnqH5MIkWSIzf+RkNg5osB21eOm9QYU4retFaOQifA8vRol+SHuPddLt1fIEWi2/466HM=-->
<Setup Id="Word.en-us" Type="AddOn" Keyword="WordMUI" Culture="en-us">
	<Option Id="AlwaysInstalled" DefaultState="Local" DisallowAbsent="yes" DisallowAdvertise="yes" Hidden="yes"/>
	<Option Id="Gimme_OnDemandData" DefaultState="Local" DisallowAbsent="yes" DisallowAdvertise="yes" Hidden="yes"/>
	<Option Id="ProductFiles" DefaultState="Local" DisallowAbsent="yes" DisallowAdvertise="no">
		<Option Id="WORDFiles" DefaultState="Local" DisallowAbsent="no" DisallowAdvertise="no" PreReq="IsWord;IsWordr;IsWordHomeStudentr;IsProPlus;IsStandard;IsMondo;IsPersonal;IsPersonalr;IsProPlusr;IsPro;IsPror;IsStandardr;IsEnterprise;IsEnterpriser;IsBasicr;IsProHybridr;IsProHybrid2r;IsSmallBusiness;IsSmallBusinessr;IsHomeStudentr;IsUltimater">
			<Option Id="WordBibliographyFiles" DefaultState="FollowParent" DisallowAbsent="no" DisallowAdvertise="yes" Hidden="yes"/>
			<Option Id="WORDHelpFiles" DefaultState="FollowParent" DisallowAbsent="yes" DisallowAdvertise="no" Hidden="yes"/>
			<Option Id="WordQuickFormatsFiles" DefaultState="Local" DisallowAbsent="no" DisallowAdvertise="no"/>
			<Option Id="WORDDocumentTemplates" DefaultState="Local" DisallowAbsent="no" DisallowAdvertise="yes" Hidden="yes">
				<OptionDependency Lead="WORDFiles"/>
			</Option>
		</Option>
		<Option Id="WORDSharedFiles" DefaultState="Absent" DisallowAbsent="no" DisallowAdvertise="no" Hidden="yes">
			<OptionDependency Lead="OUTLOOKFiles"/>
			<OptionDependency Lead="WORDFiles"/>
		</Option>
		<Option Id="WhiteRabbitHidden" DefaultState="Absent" DisallowAbsent="no" DisallowAdvertise="yes" Hidden="yes">
			<OptionDependency Lead="WORDFiles"/>
			<OptionDependency Lead="EXCELFiles"/>
			<OptionDependency Lead="OUTLOOKFiles"/>
		</Option>
	</Option>
	<PackageRef Path="WordMUI.xml"/>
	<LocalCache DownloadCode="{90120000-001B-0409-0000-0000000FF1CE}" SkuComponentDirectory="Word.en-us">
		<File Id="WordMUI.xml" MD5="497FC7F1BB49EE2EC092045189CD8846" Size="1798" RelativeCachePath="WordMUI.xml" RelativeSourcePath="WordMUI.xml"/>
		<File Id="WordMUI.msi" MD5="59AF26C81F05907C9577BC6B76E3BE79" Size="1654272" RelativeCachePath="WordMUI.msi" RelativeSourcePath="WordMUI.msi"/>
		<File Id="WordLR.cab" MD5="BB1444A7BC43ECC3CBF152B0438C708F" Size="15368480" RelativeCachePath="WordLR.cab" RelativeSourcePath="WordLR.cab"/>
		<File Id="Setup.xml" MD5="" Size="" RelativeCachePath="Setup.xml" RelativeSourcePath="Setup.xml"/>
	</LocalCache>
</Setup>
