 <beans xmlns="http://www.springframework.org/schema/beans"
    xmlns:xsi="http://www.w3.org/2001/XMLSchema-instance" 
    xmlns:tx="http://www.springframework.org/schema/tx"
    xmlns:mvc="http://www.springframework.org/schema/mvc" 
    xmlns:context="http://www.springframework.org/schema/context"
    xsi:schemaLocation="http://www.springframework.org/schema/beans 
                       http://www.springframework.org/schema/beans/spring-beans.xsd
				       http://www.springframework.org/schema/tx 
				       http://www.springframework.org/schema/tx/spring-tx.xsd
				       http://www.springframework.org/schema/mvc 
				       http://www.springframework.org/schema/mvc/spring-mvc.xsd
				       http://www.springframework.org/schema/context 
				       http://www.springframework.org/schema/context/spring-context.xsd">   

    <!-- Specifying base package of the Components like Controller, Service, 
        DAO -->
    <context:component-scan base-package="com.common" />
        
    <mvc:annotation-driven />
    
    <mvc:resources mapping="/resources/**" location="/resources/" />
     <mvc:resources mapping="/resources/**" location="/resources/script/" /> 
     
    <!-- Specifying the Resource location to load JS, CSS, Images etc -->
    <mvc:resources mapping="/resources/**" location="/resources/image/" />
    
    <bean id="messageSource" class="org.springframework.context.support.ReloadableResourceBundleMessageSource">
	  <property name="basenames">
	    <list>
	      <value>classpath:messages1</value>
	      <value>classpath:messages_user</value>
	      <value>classpath:messages_user_mr_IN</value>
	    </list>
	  </property>
	  <property name="defaultEncoding" value="UTF-8" />
	  <property name="fallbackToSystemLocale" value="false"/>
	 </bean>

 	<mvc:interceptors>
	  <bean class="org.springframework.web.servlet.i18n.LocaleChangeInterceptor">
	   <property name="paramName" value="lang" />
	  </bean>
 	</mvc:interceptors>


	 <bean id="localeResolver" class="org.springframework.web.servlet.i18n.SessionLocaleResolver">
	  	<property name="defaultLocale" value="en" />
	 </bean>
	 
    <!-- View Resolver -->
    <bean class="org.springframework.web.servlet.view.InternalResourceViewResolver">
        <property name="prefix" value="/WEB-INF/jsp/" />
        <property name="suffix" value=".jsp" />
    </bean>
    
    <bean id="dataSource" class="org.springframework.jdbc.datasource.DriverManagerDataSource">  
		<property name="driverClassName" value="org.postgresql.Driver"></property>  
		<property name="url" value="jdbc:postgresql://localhost:5432/DM"></property>  
		<property name="username" value="postgres"></property>  
		<property name="password" value="sql123"></property>  
	</bean>  


    <!-- Hibernate SessionFactory -->
	 
	<bean id="sessionFactory" class="org.springframework.orm.hibernate5.LocalSessionFactoryBean">
        <property name="dataSource" ref="dataSource"></property>
        <property name="packagesToScan" value="com.common.models"></property>
        <property name="hibernateProperties">
            <props>
                <prop key="hibernate.dialect">org.hibernate.dialect.PostgreSQLDialect</prop>
                <prop key="hibernate.show_sql">true</prop>
                <prop key="hibernate.temp.use_jdbc_metadata_defaults">false</prop>
            </props>
        </property>
    </bean>
     
    <!-- Transaction -->
     <bean id="transactionManager" class="org.springframework.orm.hibernate5.HibernateTransactionManager">
        <property name="sessionFactory" ref="sessionFactory" />
    </bean>
    
    
    <tx:annotation-driven transaction-manager="transactionManager"/>
    
    <bean id="template" class="org.springframework.orm.hibernate5.HibernateTemplate">  
    	<property name="sessionFactory" ref="sessionFactory"></property>  
    </bean>  
</beans>
