<?xml version="1.0" encoding="UTF-8"?>
<beans xmlns="http://www.springframework.org/schema/beans"
	xmlns:xsi="http://www.w3.org/2001/XMLSchema-instance"
	xmlns:context="http://www.springframework.org/schema/context"
	xmlns:mvc="http://www.springframework.org/schema/mvc"
	xmlns:tx="http://www.springframework.org/schema/tx"
	xsi:schemaLocation="http://www.springframework.org/schema/beans
        				   http://www.springframework.org/schema/beans/spring-beans.xsd
        				   http://www.springframework.org/schema/context
    					   http://www.springframework.org/schema/context/spring-context.xsd
    					   http://www.springframework.org/schema/mvc
                           http://www.springframework.org/schema/mvc/spring-mvc.xsd
                           http://www.springframework.org/schema/tx
        				   http://www.springframework.org/schema/tx/spring-tx.xsd">

	<!-- Specifying base package of the Components like Controller, Service, 
		DAO -->

	<context:component-scan
		base-package="com.common" />

	<mvc:annotation-driven />

	<mvc:resources mapping="/resources/**"
		location="/resources/" />

	<bean id="messageSource"
		class="org.springframework.context.support.ReloadableResourceBundleMessageSource">
		<property name="basenames">
			<list>
				<value>classpath:messages</value>
				<value>classpath:messages_Department</value>
				<value>classpath:messages_Designation</value>
			</list>
		</property>
		<property name="defaultEncoding" value="UTF-8" />
		<property name="fallbackToSystemLocale" value="false" />
	</bean>

	<mvc:interceptors>
		<bean
			class="org.springframework.web.servlet.i18n.LocaleChangeInterceptor">
			<property name="paramName" value="lang" />
		</bean>
	</mvc:interceptors>


	<bean id="localeResolver"
		class="org.springframework.web.servlet.i18n.SessionLocaleResolver">
		<property name="defaultLocale" value="en" />
	</bean>

	<bean
		class="org.springframework.web.servlet.view.InternalResourceViewResolver">
		<property name="viewClass"
			value="org.springframework.web.servlet.view.JstlView" />
		<property name="prefix" value="/jsp/" />
		<property name="suffix" value=".jsp" />
	</bean>

	<!-- step 1 : DataSource database / Datasource connection pool -->
	<bean id="dataSource"
		class="org.springframework.jdbc.datasource.DriverManagerDataSource">
		<property name="driverClassName"
			value="org.postgresql.Driver"></property>
		<property name="url"
			value="jdbc:postgresql://192.168.1.200:5432/DmsWork"></property>
		<property name="username" value="postgres"></property>
		<property name="password" value="admin"></property>
	</bean>

	<!--step 2 : Hibernate SessionFactory -->

	<!-- Session Factory Declaration -->
	<bean id="sessionFactory"
		class="org.springframework.orm.hibernate5.LocalSessionFactoryBean">
		<property name="dataSource" ref="dataSource"></property>
		<property name="packagesToScan" value="com.common.Objects"></property>
		<property name="hibernateProperties">
			<props>
				<prop key="hibernate.dialect">org.hibernate.dialect.PostgreSQLDialect</prop>
				<prop key="hibernate.show_sql">true</prop>
				<prop key="hibernate.temp.use_jdbc_metadata_defaults">false</prop>
			</props>
		</property>
	</bean>

	<tx:annotation-driven
		transaction-manager="transactionManager" />

	<!--step 3 : setting Hibernate Transaction manager -->
	<bean id="transactionManager"
		class="org.springframework.orm.hibernate5.HibernateTransactionManager">
		<property name="sessionFactory" ref="sessionFactory" />
	</bean>

	<bean id="template"
		class="org.springframework.orm.hibernate5.HibernateTemplate">
		<property name="sessionFactory" ref="sessionFactory"></property>
	</bean>


	<bean id="multipartResolver"
		class="org.springframework.web.multipart.commons.CommonsMultipartResolver">

	</bean>


</beans>