<?xml version="1.0" encoding="UTF-8"?>
<beans xmlns="http://www.springframework.org/schema/beans"
	   xmlns:xsi="http://www.w3.org/2001/XMLSchema-instance"
	   xmlns:context="http://www.springframework.org/schema/context"
	   xmlns:mvc="http://www.springframework.org/schema/mvc"
	   xsi:schemaLocation="http://www.springframework.org/schema/beans
        				   http://www.springframework.org/schema/beans/spring-beans.xsd
        				   http://www.springframework.org/schema/context
    					   http://www.springframework.org/schema/context/spring-context.xsd
    					   http://www.springframework.org/schema/mvc
                		   http://www.springframework.org/schema/mvc/spring-mvc.xsd">  
        				   
     <!-- Specifying base package of the Components like Controller, Service, DAO -->
       
    <context:component-scan base-package="com.common.controller"/>
    
     <mvc:annotation-driven />
			
	 <!-- View Resolver -->
    <bean
        class="org.springframework.web.servlet.view.InternalResourceViewResolver">
        <property name="prefix" value="/jsp/" />
        <property name="suffix" value=".jsp" />
    </bean>
    
    <bean id="dataBase" class="org.springframework.jdbc.datasource.DriverManagerDataSource">  
		<property name="driverClassName" value="org.postgresql.Driver"></property>  
		<property name="url" value="jdbc:postgresql://localhost:5432/testDb"></property>  
		<property name="username" value="postgres"></property>  
		<property name="password" value="admin"></property>  
	</bean>  
	
	<bean id="jt" class="org.springframework.jdbc.core.JdbcTemplate">  
		<property name="dataSource" ref="dataBase"></property>  
	</bean> 
	
	<bean id="demoImpl" class="com.common.impl.DemoImpl">  
		<property name="template" ref="jt"></property>  
	</bean>  
	
</beans>